Марина,65421639, /start
Марина,65421639, /start
Марина,65421639, /toss_up
Марина,65421639, /toss_up
Марина,65421639, /all_candies
Марина,65421639, /start
Марина,65421639, /toss_up
Марина,65421639, /all_candies
Марина,65421639, /PC
Марина,65421639, /start
Марина,65421639, /toss_up
Марина,65421639, /all_candies
Марина,65421639, /start
Марина,65421639, /toss_up
Марина,65421639, /all_candies
Марина,65421639, /start
Марина,65421639, /toss_up
Марина,65421639, /start
Марина,65421639, /toss_up
Марина,65421639, /all_candies
Марина,65421639, /all_candies
Марина,65421639, /start
Марина,65421639, /toss_up
Марина,65421639, /all_candies
Марина,65421639, /start
Марина,65421639, /toss_up
Марина,65421639, /all_candies
Марина,65421639, /start
Марина,65421639, /start
Марина,65421639, /toss_up
Марина,65421639, /all_candies
Марина,65421639, /all_candies
Марина,65421639, /start
Марина,65421639, /toss_up
Марина,65421639, /all_candies
Марина,65421639, /start
Марина,65421639, /toss_up
Марина,65421639, /all_candies
Марина,65421639, /all_candies
Марина,65421639, /start
Марина,65421639, /toss_up
Марина,65421639, /all_candies
Марина,65421639, /start
Марина,65421639, /toss_up
Марина,65421639, /all_candies
Марина,65421639, /start
Марина,65421639, /toss_up
Марина,65421639, /all_candies
Марина,65421639, /start
Марина,65421639, /toss_up
Марина,65421639, /all_candies
Марина,65421639, /start
Марина,65421639, /toss_up
Марина,65421639, /all_candies
Марина,65421639, /start
Марина,65421639, /toss_up
Марина,65421639, /all_candies
Марина,65421639, /all_candies 67
Марина,65421639, /all_candies
Марина,65421639, /start
Марина,65421639, /toss_up
Марина,65421639, /all_candies
Марина,65421639, /all_candies
Марина,65421639, /all_candies
Марина,65421639, /start
Марина,65421639, /toss_up
Марина,65421639, /all_candies
Марина,65421639, /start
Марина,65421639, /toss_up
Марина,65421639, /all_candies
Марина,65421639, /start
Марина,65421639, /toss_up
Марина,65421639, /all_candies
Марина,65421639, /start
Марина,65421639, /toss_up
Марина,65421639, /all_candies
Марина,65421639, /start
Марина,65421639, /toss_up
Марина,65421639, /all_candies
Марина,65421639, /all_candies
Марина,65421639, /start
Марина,65421639, /toss_up
Марина,65421639, /all_candies
Марина,65421639, /all_candies
Марина,65421639, /toss_up
Марина,65421639, /all_candies
Марина,65421639, /start
Марина,65421639, /toss_up
Марина,65421639, /all_candies
Владислав,945463969, /start
Владислав,945463969, /toss_up
Владислав,945463969, /PC 1
Владислав,945463969, /toss_up
Владислав,945463969, /me 1 1
Владислав,945463969, /start
Владислав,945463969, /toss_up
Владислав,945463969, /me 30 1
Владислав,945463969, /game_bot
Владислав,945463969, /game_bot 29
Владислав,945463969, /me 29 29
Владислав,945463969, /start
Владислав,945463969, /toss_up
Владислав,945463969, /me 30 1
Владислав,945463969, /game_bot 29
Владислав,945463969, /me 28 28
Владислав,945463969, /toss_up
Владислав,945463969, /me -1 1
