Nikolaj Zh,79939711, /pc 0
Nikolaj Zh,79939711, /pc 0
Nikolaj Zh,79939711, /pc - 99
Nikolaj Zh,79939711, /pc 0
Nikolaj Zh,79939711, /pc üç≠
–ú–∞—Ä–∏–Ω–∞,65421639, /toss_up
–ú–∞—Ä–∏–Ω–∞,65421639, /PC 87
–ú–∞—Ä–∏–Ω–∞,65421639, /me 84 28
–ú–∞—Ä–∏–Ω–∞,65421639, /PC 56
–ú–∞—Ä–∏–Ω–∞,65421639, /me 36
–ú–∞—Ä–∏–Ω–∞,65421639, /me 36 28
–ú–∞—Ä–∏–Ω–∞,65421639, /PC 8
–ú–∞—Ä–∏–Ω–∞,65421639, /start
–ú–∞—Ä–∏–Ω–∞,65421639, /toss_up
–ú–∞—Ä–∏–Ω–∞,65421639, /PC 87
–ú–∞—Ä–∏–Ω–∞,65421639, /me 80 28
–ú–∞—Ä–∏–Ω–∞,65421639, /PC 52
–ú–∞—Ä–∏–Ω–∞,65421639, /me 51 28
–ú–∞—Ä–∏–Ω–∞,65421639, /PC 23
–ú–∞—Ä–∏–Ω–∞,65421639, /me 10 10
–ú–∞—Ä–∏–Ω–∞,65421639, /start
–ú–∞—Ä–∏–Ω–∞,65421639, /toss_up
–ú–∞—Ä–∏–Ω–∞,65421639, /me 45 28
–ú–∞—Ä–∏–Ω–∞,65421639, /PC 17
–ú–∞—Ä–∏–Ω–∞,65421639, /start
–ú–∞—Ä–∏–Ω–∞,65421639, /toss_up
–ú–∞—Ä–∏–Ω–∞,65421639, /me 87 24
–ú–∞—Ä–∏–Ω–∞,65421639, /PC 63
–ú–∞—Ä–∏–Ω–∞,65421639, /me 40 28
–ú–∞—Ä–∏–Ω–∞,65421639, /PC 12
–ú–∞—Ä–∏–Ω–∞,65421639, /me 2 1
–ú–∞—Ä–∏–Ω–∞,65421639, /PC 1
–ú–∞—Ä–∏–Ω–∞,65421639, /start
–ú–∞—Ä–∏–Ω–∞,65421639, /toss_up
–ú–∞—Ä–∏–Ω–∞,65421639, /me 87 24
–ú–∞—Ä–∏–Ω–∞,65421639, /PC 63
–ú–∞—Ä–∏–Ω–∞,65421639, /me 49
–ú–∞—Ä–∏–Ω–∞,65421639, /me 49 28
–ú–∞—Ä–∏–Ω–∞,65421639, /PC 21
–ú–∞—Ä–∏–Ω–∞,65421639, /me 13 8
–ú–∞—Ä–∏–Ω–∞,65421639, /PC 5
–ú–∞—Ä–∏–Ω–∞,65421639, /start
–ú–∞—Ä–∏–Ω–∞,65421639, /toss_up
–ú–∞—Ä–∏–Ω–∞,65421639, /me 87 24
–ú–∞—Ä–∏–Ω–∞,65421639, /game_bot 63
–ú–∞—Ä–∏–Ω–∞,65421639, /me 58 3
–ú–∞—Ä–∏–Ω–∞,65421639, /game_bot 55
–ú–∞—Ä–∏–Ω–∞,65421639, /me 29 21
–ú–∞—Ä–∏–Ω–∞,65421639, /game_bot 8
Ilya,463274506, /start
Ilya,463274506, /toss_up
Ilya,463274506, /PC 30
Ilya,463274506, /me 25 4
Ilya,463274506, /PC 21
